"Product ID",Thumbnail,Name,SKU,Barcode,"Vendor SKU",Weight,"Weight Unit",Length,Width,Height,"Dimension Unit",Volume,"Volume Unit",Backordered,Expected,Processed,Put-Away,Available,Allocated,Reserved,Picked,"On Hand",Advertised,"Goods Type",Regulation,"Lot Type","Serial Number Type",Status,Availability,Visibility,"Created At","Updated At","Description of Goods for Export","Base Image","Requires Packaging","Storage Height","Merchant Name","Require Weight Check","Technical Name","HTS Base Code","Storage Length","Storage Width","HTS Country Code","Additional Regulatory Information","Is Box","Net Hazmat Weight","Customs Value","Valid Containers","Country of Manufacture","Other Special Features","Container Type","Container Meets HazMat Specs","Regulation Units","Bulk Quantity","Unit Quantity","Max Per Package","Ship Separate","External ID","Additional Handling Surcharge","Ship Separate Tag","Requires Infill","Special Supplies","Can Contain Other Items","Can Tip","Allowed Container Styles","Freight Class","Disallowed Containers","Freight Category",Details,Test,"Product Category","Customs Value Currency","Net Hazmat Weight Unit"
99120,"https://images-us-east.shipstream.io/cdn-cgi/image/fit=pad,width=250/xdebmt82bbc9/catalog/product/17712cc9731934aaacd44c911538fd05ae78cf7e.jpg",46X24,46X24,108634446246,,35.75,lb,48,26,2,in,2496,in^3,0,363,1,0,509,1,1,2,514,509,"Not Regulated",,"FIFO (Accepted Date)",,Enabled,Available,Visible,"2022-10-27 19:08:07","2025-11-05 12:55:20",,17712cc9731934aaacd44c911538fd05ae78cf7e.jpg,No,,"Keelan Scott",No,,,,,,,0,,,,China,,,No,,,,,0,,No,,None,,No,Yes,,,,,,Box1,"Accessories & Merch",,
143276,,"Dining U 60X36 2Bench",DN-U-60X36-2B-DN-46X14,R1103202530425,,1,lb,,,,,,,0,0,0,0,0,0,0,0,0,16,"Not Regulated",,,,Enabled,Available,Visible,"2024-05-17 23:01:05","2025-11-02 20:36:04",,no_selection,Yes,,"Keelan Scott",Yes,,,,,,,0,,,," ",,,No,,,,,0,,No,,"Use Default (Kraft Paper)",,No,Yes,,,,,,Box1,"Accessories & Merch",,
134641,"https://images-us-east.shipstream.io/cdn-cgi/image/fit=pad,width=250/xdebmt82bbc9/catalog/product/f6fac800d4e27a0da3db8bbec0cda3862651c7d0.jpg","Console U",CN-U,109104328123,,14.67,lb,29.95,13.05,6,in,2345.085,in^3,0,128,0,0,70,0,0,1,71,70,"Not Regulated",,"FIFO (Accepted Date)",,Enabled,Available,Visible,"2023-11-28 14:39:43","2025-10-29 12:44:48",,f6fac800d4e27a0da3db8bbec0cda3862651c7d0.jpg,No,,"Keelan Scott",No,,,,,,,0,,,,China,,,No,,,,,0,,No,,None,,No,Yes,,,,,,Box1,"Accessories & Merch",,
169456,"https://images-us-east.shipstream.io/cdn-cgi/image/fit=pad,width=250/xdebmt82bbc9/catalog/product/599344d7365abf39904373d55e2803928e1fc640.jpg","60X36 - REBOX","60X36 - REBOX",R1015202530255,,78,lb,63.98,20.16,4.213,in,5434.0824,in^3,0,0,0,0,1,0,0,0,1,1,"Not Regulated",,,,Enabled,Available,Visible,"2025-10-15 08:55:03","2025-10-15 09:02:19",,599344d7365abf39904373d55e2803928e1fc640.jpg,No,,"Keelan Scott",No,,,,,,,0,,,,Unknown,,,No,,,,,0,,No,,"Use Default (Kraft Paper)",,No,Yes,,,,,,Box1,"Accessories & Merch",,
168982,"https://images-us-east.shipstream.io/cdn-cgi/image/fit=pad,width=250/xdebmt82bbc9/catalog/product/92a289c9079d43f69673f61565c384acf611abc6.jpeg","Desk U",D-U-Rebox,R1014202530228,,21.67,lb,30.35,21.5,6.7,in,4371.9175,in^3,0,0,0,0,1,0,0,0,1,1,"Not Regulated",,"FIFO (Accepted Date)",,Enabled,"Not Available",Visible,"2025-09-25 14:43:47","2025-10-13 23:17:44",,92a289c9079d43f69673f61565c384acf611abc6.jpeg,No,,"Keelan Scott",No,,,,,,,0,,,,China,,,No,,,,,0,,No,,None,,No,Yes,,,,,,Box1,"Accessories & Merch",,
168981,"https://images-us-east.shipstream.io/cdn-cgi/image/fit=pad,width=250/xdebmt82bbc9/catalog/product/aebbe9a9b4e73aef3e8a2a1f4a9c8976d239f92b.jpg",36X22,36X22-Rebox,R0925202530049,,26.65,lb,39,24.25,2.5,in,2364.375,in^3,0,0,0,0,1,0,0,0,1,1,"Not Regulated",,,,Enabled,"Not Available",Visible,"2025-09-25 14:39:02","2025-09-25 14:40:16",,aebbe9a9b4e73aef3e8a2a1f4a9c8976d239f92b.jpg,No,,"Keelan Scott",No,,,,,,,0,,,,Unknown,,,No,,,,,0,,No,,"Use Default (Kraft Paper)",,No,Yes,,,,,,Box1,,,
145867,"https://images-us-east.shipstream.io/cdn-cgi/image/fit=pad,width=250/xdebmt82bbc9/catalog/product/5125ad7203704e9ec03fcb2ac1099ed3ef897e32.jpeg","30X7 Shelf",30X7-SHELF,108634430078,,9.775,lb,34.85,13.85,3.85,in,1858.2891,in^3,0,60,0,0,120,0,0,0,120,120,"Not Regulated",,"FIFO (Accepted Date)",,Enabled,Available,Visible,"2024-07-15 16:29:41","2025-09-19 13:52:49",,5125ad7203704e9ec03fcb2ac1099ed3ef897e32.jpeg,No,,"Keelan Scott",No,,,,,,,0,,,,Unknown,,,No,,,,,0,,No,,None,,Yes,Yes,,,,,,Box1,"Accessories & Merch",,
161050,,"End X Table",END-X-TABLE,108104322223,,24.64,lb,25.95,25.35,13.85,in,9110.9801,in^3,0,0,0,0,134,1,2,1,138,134,"Not Regulated",,,,Enabled,Available,Visible,"2025-04-26 14:13:16","2025-09-12 15:40:48",,no_selection,No,,"Keelan Scott",No,,,,,,,0,,,,Unknown,,,No,,,,,0,,No,,None,,No,Yes,,,,,,,,,
156227,,"BOX-48 (12 x 12 x 48)",BOX-48,R0720202528161,,2.465,lb,48.38,12.25,12.25,in,7260.0238,in^3,0,0,0,0,28,0,0,0,28,28,"Not Regulated",,,,Enabled,Available,Visible,"2025-02-05 12:44:40","2025-09-03 21:47:38",,no_selection,No,31,"Keelan Scott",Yes,,,25.5,0.5,,,1,,,,Unknown,,,No,,,,,0,,No,,"Use Default (Kraft Paper)",,Yes,Yes,,,,,,,,,
156226,,"BOX-36 (12 x 12 x 36)",BOX-36,R0717202528070,,1.985,lb,24.75,23.75,1.6,in,940.5,in^3,0,0,0,0,84,0,0,0,84,84,"Not Regulated",,,,Enabled,Available,Visible,"2025-02-05 12:44:25","2025-08-20 20:34:14",,no_selection,No,,"Keelan Scott",No,,,,,,,0,,,,Unknown,,,No,,,,,0,,No,,"Use Default (Kraft Paper)",,Yes,Yes,,,,,,,,,
165098,"https://images-us-east.shipstream.io/cdn-cgi/image/fit=pad,width=250/xdebmt82bbc9/catalog/product/9982449d94c9bc43b769ff5b12986631a4ca2a1f.jpg","REBOX 58X28",58X28-Rebox,R0818202528659,,54,lb,61.1,29.92,2.362,in,4318.0005,in^3,0,0,0,0,1,0,0,0,1,1,"Not Regulated",,,,Enabled,Available,Visible,"2025-08-12 15:32:31","2025-08-18 08:55:37",,9982449d94c9bc43b769ff5b12986631a4ca2a1f.jpg,No,,"Keelan Scott",No,,,,,,,0,,,,China,,,No,,,,,1,,No,,None,,No,Yes,,,,,,Box1,"Accessories & Merch",,
134637,"https://images-us-east.shipstream.io/cdn-cgi/image/fit=pad,width=250/xdebmt82bbc9/catalog/product/61dc3c384da8e4d69688a43e58e06acf8f671893.jpg",72X36,72X36,108634472368,,80,lb,74.65,20.2,4.528,in,6827.907,in^3,0,0,0,0,102,2,1,0,105,102,"Not Regulated",,,,Enabled,Available,Visible,"2023-11-28 14:34:47","2025-08-14 13:35:01",,61dc3c384da8e4d69688a43e58e06acf8f671893.jpg,No,,"Keelan Scott",No,,,,,,,0,,,,Unknown,,,No,,,,,0,,No,,None,,No,Yes,,,,,,Box1,"Accessories & Merch",,
139665,"https://images-us-east.shipstream.io/cdn-cgi/image/fit=pad,width=250/xdebmt82bbc9/catalog/product/faaff2cd6ff9a918e3f74a6045f45e95c7daacbd.jpg",46X14,46X14,108634446147,,20.2,lb,48,16,2.5,in,1920,in^3,0,145,0,0,149,1,0,0,150,149,"Not Regulated",,,,Enabled,Available,Visible,"2024-02-23 15:32:55","2025-07-22 11:30:30",,faaff2cd6ff9a918e3f74a6045f45e95c7daacbd.jpg,No,,"Keelan Scott",No,,,,,,,0,,,,China,,,No,,,,,0,,No,,"Use Default (Kraft Paper)",,No,Yes,,,,,,Box1,"Accessories & Merch",,
116451,"https://images-us-east.shipstream.io/cdn-cgi/image/fit=pad,width=250/xdebmt82bbc9/catalog/product/8906e151044d0c71826fdbd558ba12297b87975b.jpg","Monitor Stand Black",MONITOR-STAND-BK,108634442095,,10.95,lb,45,11.5,5.5,in,2846.25,in^3,0,64,0,0,135,0,0,0,135,135,"Not Regulated",,,,Enabled,Available,Visible,"2023-07-18 18:07:22","2025-07-22 11:23:44",,8906e151044d0c71826fdbd558ba12297b87975b.jpg,No,,"Keelan Scott",No,,,,,,,0,,,,China,,,No,,,,,1,,No,,None,,No,Yes,,,,,,Box1,"Accessories & Merch",,
145868,"https://images-us-east.shipstream.io/cdn-cgi/image/fit=pad,width=250/xdebmt82bbc9/catalog/product/0892f29c6a547ab014fd7f1c422a2eaa78703703.jpg","42X8 Shelf",42X8-SHELF,108634442088,,14.2,lb,46.75,11.25,3.25,in,1709.2969,in^3,0,0,2,0,111,0,0,0,113,111,"Not Regulated",,,,Enabled,Available,Visible,"2024-07-15 16:30:16","2025-07-13 09:22:54",,0892f29c6a547ab014fd7f1c422a2eaa78703703.jpg,No,,"Keelan Scott",No,,,,,,,0,,,"BOX-36 (12 x 12 x 36) (163764);BOX-48 (12 x 12 x 48) (163766);Manufacturer's Packaging (8443);Double Pallet - Wood (48x80) (146571)",Unknown,,,No,,,,,0,,No,,"Use Default (Kraft Paper)",,No,Yes,,,,,,Box1,"Accessories & Merch",,
145866,"https://images-us-east.shipstream.io/cdn-cgi/image/fit=pad,width=250/xdebmt82bbc9/catalog/product/484614ab384c9b02bd81aaecfd46be03c26038aa.jpeg","18X7 Shelf",18X7-SHELF,108634418076,,6.33,lb,22.6,10.75,3.6,in,874.62,in^3,0,96,0,0,174,0,0,0,174,174,"Not Regulated",,,,Enabled,Available,Visible,"2024-07-15 16:29:33","2025-07-09 16:01:15",,484614ab384c9b02bd81aaecfd46be03c26038aa.jpeg,No,,"Keelan Scott",No,,,,,,,0,,,,Unknown,,,No,,,,,0,,No,,"Use Default (Kraft Paper)",,No,Yes,,,,,,Box1,"Accessories & Merch",,
134639,"https://images-us-east.shipstream.io/cdn-cgi/image/fit=pad,width=250/xdebmt82bbc9/catalog/product/d50b243c8b165c47cec76dc4cf24bd7ae3e2ad5c.jpg","C Table",C-TABLE,109634418127,,14.575,lb,27.85,20.95,14.15,in,8255.9236,in^3,0,36,0,0,136,0,0,0,136,136,"Not Regulated",,,,Enabled,Available,Visible,"2023-11-28 14:37:55","2025-06-30 19:28:16",,d50b243c8b165c47cec76dc4cf24bd7ae3e2ad5c.jpg,No,,"Keelan Scott",No,,,,,,,0,,,,Unknown,,,No,,,,,0,,No,,None,,No,Yes,,,,,,Box1,"Accessories & Merch",,
95184,"https://images-us-east.shipstream.io/cdn-cgi/image/fit=pad,width=250/xdebmt82bbc9/catalog/product/5a745c9c5aef7b188c97fde3599ae98408dc4fd7.jpeg",Wheels,WHEELS,108963444449,,2.15,lb,8.05,7.35,2.5,in,147.9188,in^3,0,0,0,0,193,0,0,0,193,193,"Not Regulated",,"FIFO (Accepted Date)",,Enabled,Available,Visible,"2022-08-02 02:48:45","2025-06-14 14:36:20",,5a745c9c5aef7b188c97fde3599ae98408dc4fd7.jpeg,Yes,,"Keelan Scott",Yes,,,,,,,0,,,,Unknown,,,No,,,,,0,,No,,"Use Default (Kraft Paper)",,No,Yes,,,,,,Box1,,,
99122,"https://images-us-east.shipstream.io/cdn-cgi/image/fit=pad,width=250/xdebmt82bbc9/catalog/product/9982449d94c9bc43b769ff5b12986631a4ca2a1f.jpg",58X28,58X28,108634458287,,54,lb,61.1,29.92,2.362,in,4318.0005,in^3,0,415,1,0,491,5,2,2,501,491,"Not Regulated",,,,Enabled,Available,Visible,"2022-10-27 19:08:07","2025-06-11 16:34:37",,9982449d94c9bc43b769ff5b12986631a4ca2a1f.jpg,No,,"Keelan Scott",No,,,,,,,0,,,,China,,,No,,,,,1,,No,,None,,No,Yes,,,,,,Box1,"Accessories & Merch",,
134636,"https://images-us-east.shipstream.io/cdn-cgi/image/fit=pad,width=250/xdebmt82bbc9/catalog/product/599344d7365abf39904373d55e2803928e1fc640.jpg",60X36,60X36,108634460365,,78,lb,63.98,20.16,4.213,in,5434.0824,in^3,0,54,0,0,86,1,0,0,87,86,"Not Regulated",,,,Enabled,Available,Visible,"2023-11-28 14:34:27","2025-06-11 14:02:16",,599344d7365abf39904373d55e2803928e1fc640.jpg,No,,"Keelan Scott",No,,,,,,,0,,,,Unknown,,,No,,,,,0,,No,,"Use Default (Kraft Paper)",,No,Yes,,,,,,Box1,"Accessories & Merch",,
161051,"https://images-us-east.shipstream.io/cdn-cgi/image/fit=pad,width=250/xdebmt82bbc9/catalog/product/3afcf07b614d2b91d491fe43f1c9b73409c1bcc2.webp","Chair without Arms",CHAIR-WOARMS,108634480462,,18,lb,34.57,21.46,21.26,in,15772.203,in^3,0,83,0,0,127,0,0,0,127,127,"Not Regulated",,,,Enabled,Available,Visible,"2025-04-26 14:14:23","2025-06-05 03:15:03",,3afcf07b614d2b91d491fe43f1c9b73409c1bcc2.webp,No,,"Keelan Scott",No,,,,,,,0,,,,Unknown,,,No,,,,,0,,No,,"Use Default (Kraft Paper)",,No,Yes,,,,,,,,,
145869,"https://images-us-east.shipstream.io/cdn-cgi/image/fit=pad,width=250/xdebmt82bbc9/catalog/product/37d0e3a1014c7c62f943659644fdbf124c02988d.jpg","54X8 Shelf",54X8-SHELF,108634454081,,16.95,lb,58.5,11.25,3.25,in,2138.9063,in^3,0,0,0,0,75,0,0,0,75,75,"Not Regulated",,,,Enabled,Available,Visible,"2024-07-15 16:30:41","2025-06-02 13:36:06",,37d0e3a1014c7c62f943659644fdbf124c02988d.jpg,No,,"Keelan Scott",No,,,,,,,0,,,,Unknown,,,No,,,,,0,,No,,"Use Default (Kraft Paper)",,No,Yes,,,,,,Box1,"Accessories & Merch",,
134635,"https://images-us-east.shipstream.io/cdn-cgi/image/fit=pad,width=250/xdebmt82bbc9/catalog/product/fff2309db2f50fe59ce675b7895c81f25fde3a53.jpg",48X36,48X36,108634448363,,57.6,lb,51.5,20.25,4.5,in,4692.9375,in^3,0,18,1,0,70,0,0,0,71,70,"Not Regulated",,,,Enabled,Available,Visible,"2023-11-28 14:34:02","2025-05-29 14:25:43",,fff2309db2f50fe59ce675b7895c81f25fde3a53.jpg,No,,"Keelan Scott",No,,,,,,,0,,,,Unknown,,,No,,,,,0,,No,,None,,No,Yes,,,,,,Box1,"Accessories & Merch",,
80821,"https://images-us-east.shipstream.io/cdn-cgi/image/fit=pad,width=250/xdebmt82bbc9/catalog/product/7119810196475ef62ea8f15a83a10acf4581ecc9.jpg","Coffee U Original",CF-U-OG,108104316185,,14.65,lb,20.75,7.5,17,in,2645.625,in^3,0,0,0,0,314,0,0,0,314,314,"Not Regulated",,"FIFO (Accepted Date)",,Enabled,Available,Visible,"2021-11-22 15:14:24","2025-05-29 14:06:42",,7119810196475ef62ea8f15a83a10acf4581ecc9.jpg,No,17,"Keelan Scott",No,,,20.75,7.5,,,0,,,,China,,,No,,,1,,0,,No,,None,,No,Yes,,,,,,Box1,"Accessories & Merch",,
134644,,"Bench DN 58X14",B-DN-58X14,R0529202527396,,1,lb,,,,,,,0,0,0,0,0,0,0,0,0,24,"Not Regulated",,,,Enabled,Available,Visible,"2023-11-28 14:50:02","2025-05-29 09:41:10",,no_selection,No,,"Keelan Scott",No,,,,,,,0,,,," ",,,No,,,,,0,,No,,None,,No,Yes,,,,,,Box1,"Accessories & Merch",,
161052,"https://images-us-east.shipstream.io/cdn-cgi/image/fit=pad,width=250/xdebmt82bbc9/catalog/product/63c0e3c6b866e6cd55f6444f16fd00bbe12d0be5.jpg","Chair with Arms",CHAIR-WARMS,108634478544,,22,lb,33.15,24.92,24.84,in,20520.2743,in^3,0,0,0,0,76,0,0,0,76,76,"Not Regulated",,,,Enabled,Available,Visible,"2025-04-26 14:14:29","2025-05-28 13:23:39",,63c0e3c6b866e6cd55f6444f16fd00bbe12d0be5.jpg,No,,"Keelan Scott",No,,,,,,,0,,,,Unknown,,,No,,,,,0,,No,,"Use Default (Kraft Paper)",,No,Yes,,,,,,,,,
92310,"https://images-us-east.shipstream.io/cdn-cgi/image/fit=pad,width=250/xdebmt82bbc9/catalog/product/3ba32a746a0d6bdd85213da104ec384b7fd47eca.jpg","Desk SSB",D-SSB,108963442223,,49,lb,41,14.25,6,in,3505.5,in^3,0,235,0,0,456,1,2,1,460,456,"Not Regulated",,"FIFO (Accepted Date)",,Enabled,Available,Visible,"2022-05-25 15:05:58","2025-05-28 13:12:09",,3ba32a746a0d6bdd85213da104ec384b7fd47eca.jpg,No,,"Keelan Scott",No,,,,,,,0,,,,China,,,No,,,,,1,,No,,None,,No,Yes,,,,,,Box1,"Accessories & Merch",,
99125,"https://images-us-east.shipstream.io/cdn-cgi/image/fit=pad,width=250/xdebmt82bbc9/catalog/product/92a289c9079d43f69673f61565c384acf611abc6.jpeg","Desk U",D-U,108104328201,,21.67,lb,30.35,21.5,6.7,in,4371.9175,in^3,0,198,1,0,365,0,0,3,369,365,"Not Regulated",,"FIFO (Accepted Date)",,Enabled,Available,Visible,"2022-10-27 19:08:07","2025-05-26 11:44:07",,92a289c9079d43f69673f61565c384acf611abc6.jpeg,No,,"Keelan Scott",No,,,,,,,0,,,,China,,,No,,,,,0,,No,,None,,No,Yes,,,,,,Box1,"Accessories & Merch",,
144018,,"Console U 46X14 Drawer",CN-U-46X14-DRAWER,,,0,lb,,,,,,,0,0,0,0,0,0,0,0,0,0,"Not Regulated",,,,Enabled,Available,Visible,"2024-06-05 15:54:35","2025-05-23 12:51:15",,no_selection,No,,"Keelan Scott",No,,,,,,,0,,,," ",,,No,,,,,0,,No,,"Use Default (Kraft Paper)",,Yes,Yes,,,,,,Box1,"Accessories & Merch",,
143762,"https://images-us-east.shipstream.io/cdn-cgi/image/fit=pad,width=250/xdebmt82bbc9/catalog/product/cc07de6d89c5eff8c350bae31de299bd2919bb53.jpeg","Bench U",B-U,109104316120,,12.31,lb,18.25,13.2,6.65,in,1601.985,in^3,0,0,0,0,135,0,1,0,136,135,"Not Regulated",,,,Enabled,Available,Visible,"2024-05-30 18:35:37","2025-05-21 11:00:28",,cc07de6d89c5eff8c350bae31de299bd2919bb53.jpeg,No,,"Keelan Scott",No,,,,,,,0,,,,Unknown,,,No,,,,,0,,No,,"Use Default (Kraft Paper)",,No,Yes,,,,,,Box1,"Accessories & Merch",,
115572,"https://images-us-east.shipstream.io/cdn-cgi/image/fit=pad,width=250/xdebmt82bbc9/catalog/product/603ba94925e382b421b50381e040adafcfcb2789.jpg","Desk HP Original",D-HP-OG,R0710202318101,,24,lb,29,23,4.5,in,3001.5,in^3,0,0,0,0,58,0,0,0,58,58,"Not Regulated",,,,Enabled,Available,Visible,"2023-07-07 18:15:44","2025-05-21 09:57:41",,603ba94925e382b421b50381e040adafcfcb2789.jpg,No,4.5,"Keelan Scott",No,,,29,23,,,0,,,,Unknown,,,No,,,,,0,,No,,None,,No,Yes,,,,,,Box1,"Accessories & Merch",,
134642,"https://images-us-east.shipstream.io/cdn-cgi/image/fit=pad,width=250/xdebmt82bbc9/catalog/product/3c24088724bdb3bc8234e4d72f9ba8d8e0de2e5f.jpg","Dining U",DN-U,108104328300,,31.4,lb,32,30,2.5,in,2400,in^3,0,70,0,0,166,3,0,0,169,166,"Not Regulated",,,,Enabled,Available,Visible,"2023-11-28 14:40:13","2025-05-20 18:58:09",,3c24088724bdb3bc8234e4d72f9ba8d8e0de2e5f.jpg,No,,"Keelan Scott",No,,,,,,,0,,,,Unknown,,,No,,,,,0,,No,,None,,No,Yes,,,,,,Box1,"Accessories & Merch",,
100781,"https://images-us-east.shipstream.io/cdn-cgi/image/fit=pad,width=250/xdebmt82bbc9/catalog/product/1763da13c4257ea4dc667251f24aeda315063f54.jpg","42X42 Original",42X42-OG,R1125202215193,,50,lb,43.5,43,3,in,5611.5,in^3,0,0,0,0,5,0,0,1,6,5,"Not Regulated",,"FIFO (Accepted Date)",,Enabled,Available,Visible,"2022-11-23 03:02:08","2025-05-20 18:52:38",,1763da13c4257ea4dc667251f24aeda315063f54.jpg,No,3,"Keelan Scott",No,,,43.5,43,,,0,,,,Unknown,,,No,,,,,0,,No,,None,,No,Yes,,,,,,,,,
99119,"https://images-us-east.shipstream.io/cdn-cgi/image/fit=pad,width=250/xdebmt82bbc9/catalog/product/d38bae06405df316fd12c0f6e05644df1de4b0be.jpg",42X42,42X42,108634442422,,50,lb,44.5,43.5,2.5,in,4839.375,in^3,0,0,0,0,41,0,0,0,41,41,"Not Regulated",,"FIFO (Accepted Date)",,Enabled,Available,Visible,"2022-10-27 19:08:07","2025-05-20 18:50:17",,d38bae06405df316fd12c0f6e05644df1de4b0be.jpg,No,2.5,"Keelan Scott",No,,,44.5,43.5,,,0,,,,Unknown,,,No,,,,,0,,No,,None,,No,Yes,,,,,,Box1,"Accessories & Merch",,
97587,"https://images-us-east.shipstream.io/cdn-cgi/image/fit=pad,width=250/xdebmt82bbc9/catalog/product/60dbb89eea57b0ac6a60d5cd2ac7af19ecbe9dc2.jpg","Coffee SP",CF-SP,108106116301,,17.675,lb,31.95,18.45,7.5,in,4421.0813,in^3,0,0,0,0,20,0,0,0,20,20,"Not Regulated",,"FIFO (Accepted Date)",,Enabled,Available,Visible,"2022-09-27 18:36:54","2025-05-20 18:48:57",,60dbb89eea57b0ac6a60d5cd2ac7af19ecbe9dc2.jpg,No,,"Keelan Scott",No,,,,,,,0,,,,Unknown,,,No,,,,,0,,No,,"Use Default (Kraft Paper)",,No,Yes,,,,,,,,,
141107,"https://images-us-east.shipstream.io/cdn-cgi/image/fit=pad,width=250/xdebmt82bbc9/catalog/product/975d7c3e6ad9b25684cbc2903612bb0c86ed81f2.jpg","Half of 60X36",60X36-HALF,108734460364,,40,lb,66.5,24,4.5,in,7182,in^3,0,0,0,0,0,0,0,0,0,0,"Not Regulated",,,,Enabled,Available,Visible,"2024-03-20 16:28:06","2025-05-20 18:41:44",,975d7c3e6ad9b25684cbc2903612bb0c86ed81f2.jpg,No,4.5,"Keelan Scott",No,,,66.5,24,,,0,,,,Unknown,,,No,,,,,0,,No,,"Use Default (Kraft Paper)",,No,Yes,,,,,,Box1,"Accessories & Merch",,
99078,"https://images-us-east.shipstream.io/cdn-cgi/image/fit=pad,width=250/xdebmt82bbc9/catalog/product/0867467c0f5d8fbf3238a66904fe55e415938984.jpg","Coffee U 58X28 ",CF-U-58X28,R0126202315885,,55,lb,60,30,2,in,3600,in^3,0,0,0,0,0,0,0,0,0,377,"Not Regulated",,"FIFO (Accepted Date)",,Enabled,Available,Visible,"2022-10-27 18:14:51","2025-05-18 15:42:10",,0867467c0f5d8fbf3238a66904fe55e415938984.jpg,Yes,2,"Keelan Scott",Yes,,,60,30,,,0,,,,Unknown,,,No,,,,,0,,No,,"Use Default (Kraft Paper)",,No,Yes,,,,,,,,,
99099,,"Desk SSW 46X24 Drawer",D-SSW-46X24-DRAWER,R0518202527270,,1,lb,,,,,,,0,0,0,0,0,0,0,0,0,150,"Not Regulated",,"FIFO (Accepted Date)",,Enabled,Available,Visible,"2022-10-27 18:14:52","2025-05-18 10:20:27",,no_selection,Yes,,"Keelan Scott",Yes,,,,,,,,,,," ",,,No,,,,,0,,No,,"Use Default (Kraft Paper)",,No,Yes,,,,,,Box1,"Accessories & Merch",,
141106,"https://images-us-east.shipstream.io/cdn-cgi/image/fit=pad,width=250/xdebmt82bbc9/catalog/product/66048b3ab78ae0d4cb72994b4a9a190ef867665a.jpg","Half of 72X36",72X36-HALF,108734472367,,43.4,lb,76.25,21,3.25,in,5204.0625,in^3,0,0,0,0,0,0,0,0,0,0,"Not Regulated",,,,Enabled,Available,Visible,"2024-03-20 16:25:23","2025-05-15 09:35:22",,66048b3ab78ae0d4cb72994b4a9a190ef867665a.jpg,No,3.25,"Keelan Scott",No,,,76.25,21,,,0,,,,Unknown,,,No,,,,,0,,No,,"Use Default (Kraft Paper)",,No,Yes,,,,,,Box1,"Accessories & Merch",,
141905,"https://images-us-east.shipstream.io/cdn-cgi/image/fit=pad,width=250/xdebmt82bbc9/catalog/product/aebbe9a9b4e73aef3e8a2a1f4a9c8976d239f92b.jpg",36X22,36X22,108634436223,,26.65,lb,39,24.25,2.5,in,2364.375,in^3,0,38,0,0,354,0,0,0,354,354,"Not Regulated",,,,Enabled,Available,Visible,"2024-04-07 16:39:27","2025-05-12 18:00:49",,aebbe9a9b4e73aef3e8a2a1f4a9c8976d239f92b.jpg,No,,"Keelan Scott",No,,,,,,,0,,,,Unknown,,,No,,,,,0,,No,,"Use Default (Kraft Paper)",,No,Yes,,,,,,Box1,,,
99123,"https://images-us-east.shipstream.io/cdn-cgi/image/fit=pad,width=250/xdebmt82bbc9/catalog/product/a30cd7158f3a3b1c53056c205b76d3d0d8a5e773.jpeg","Coffee U",CF-U,108104316208,,16.91,lb,22.45,18.1,6.8,in,2763.146,in^3,0,172,0,0,377,0,1,0,378,377,"Not Regulated",,"FIFO (Accepted Date)",,Enabled,Available,Visible,"2022-10-27 19:08:07","2025-05-12 17:54:51",,a30cd7158f3a3b1c53056c205b76d3d0d8a5e773.jpeg,No,,"Keelan Scott",No,,,,,,,0,,,,Unknown,,,No,,,,,0,,No,,None,,No,Yes,,,,,,Box1,"Accessories & Merch",,
97596,"https://images-us-east.shipstream.io/cdn-cgi/image/fit=pad,width=250/xdebmt82bbc9/catalog/product/1c382726e2a0b626a00700fe4afeac1628db261e.jpg","Desk SSW",D-SSW,108963443336,,48,lb,41.25,14.5,5.5,in,3289.6875,in^3,0,42,0,0,150,3,0,0,153,150,"Not Regulated",,"FIFO (Accepted Date)",,Enabled,Available,Visible,"2022-09-27 22:51:21","2025-05-12 17:54:18","Motorized Desk Frame",1c382726e2a0b626a00700fe4afeac1628db261e.jpg,No,,"Keelan Scott",No,,,,,,,0,,399,,China,,,No,,,,,0,,No,,None,,No,Yes,,,,,,Box1,"Accessories & Merch",USD,
99108,,"Desk SSB 58X28 Drawer",D-SSB-58X28-DRAWER,R0509202527200,,1,lb,,,,,,,0,0,0,0,0,0,0,0,0,409,"Not Regulated",,"FIFO (Accepted Date)",,Enabled,Available,Visible,"2022-10-27 18:14:52","2025-05-09 11:10:34",,no_selection,Yes,,"Keelan Scott",Yes,,,,,,,,,,," ",,,No,,,,,0,,No,,"Use Default (Kraft Paper)",,No,Yes,,,,,,Box1,"Accessories & Merch",,
99095,,"Desk SSB 46X24",D-SSB-46X24,R0509202527199,,1,lb,,,,,,,0,0,0,0,0,0,0,0,0,456,"Not Regulated",,"FIFO (Accepted Date)",,Enabled,Available,Visible,"2022-10-27 18:14:52","2025-05-09 11:03:43",,no_selection,Yes,,"Keelan Scott",Yes,,,,,,,,,,," ",,,No,,,,,0,,No,,"Use Default (Kraft Paper)",,No,Yes,,,,,,,,,
141108,,"Half of 48X36",48X36-HALF,108734448362,,36,lb,51,40.75,4.5,in,9352.125,in^3,0,0,0,0,0,0,0,0,0,0,"Not Regulated",,,,Enabled,Available,Visible,"2024-03-20 16:29:17","2025-05-06 08:22:37",,no_selection,No,,"Keelan Scott",No,,,,,,,0,,,,Unknown,,,No,,,,,0,,No,,"Use Default (Kraft Paper)",,No,Yes,,,,,,Box1,"Accessories & Merch",,
147806,"https://images-us-east.shipstream.io/cdn-cgi/image/fit=pad,width=250/xdebmt82bbc9/catalog/product/9d5d99074cfb20a26d5ab0258b0ea9dce7df4cbb.jpg","Monitor Stand White",MONITOR-STAND-WT,109634442092,,10.91,lb,45,11.25,5.25,in,2657.8125,in^3,0,1,0,0,97,1,0,0,98,97,"Not Regulated",,,,Enabled,Available,Visible,"2024-09-02 17:08:23","2025-05-02 09:51:30",,9d5d99074cfb20a26d5ab0258b0ea9dce7df4cbb.jpg,No,,"Keelan Scott",No,,,,,,,0,,,,China,,,No,,,,,0,,No,,"Use Default (Kraft Paper)",,No,Yes,,,,,,,,,
96101,"https://images-us-east.shipstream.io/cdn-cgi/image/fit=pad,width=250/xdebmt82bbc9/catalog/product/722e5042d9cae9ffe9d57b8d7f49cb4a6bf8b943.jpg","Add-on Keyboard Tray",KEYBOARD-TRAY,108634422127,,7.2,lb,27,17.2,4.9,in,2275.56,in^3,0,0,0,0,206,0,0,1,207,206,"Not Regulated",,"FIFO (Accepted Date)",,Enabled,Available,Visible,"2022-08-14 23:22:38","2025-05-02 09:50:53",,722e5042d9cae9ffe9d57b8d7f49cb4a6bf8b943.jpg,No,,"Keelan Scott",No,,,,,,,0,,,,China,,,No,,,,,0,,No,,None,,No,Yes,,,,,,Box1,"Accessories & Merch",,
134640,"https://images-us-east.shipstream.io/cdn-cgi/image/fit=pad,width=250/xdebmt82bbc9/catalog/product/eb8628e6951f9fe88fe36e708bd52724945a0626.jpeg","Bench DN",B-DN,108104316123,,10.925,lb,17.9,13,6.8,in,1582.36,in^3,0,63,0,0,116,0,0,1,117,116,"Not Regulated",,,,Enabled,Available,Visible,"2023-11-28 14:38:47","2025-04-10 18:43:45",,eb8628e6951f9fe88fe36e708bd52724945a0626.jpeg,No,,"Keelan Scott",No,,,,,,,0,,,,Unknown,,,No,,,,,0,,No,,None,,No,Yes,,,,,,Box1,"Accessories & Merch",,
134634,"https://images-us-east.shipstream.io/cdn-cgi/image/fit=pad,width=250/xdebmt82bbc9/catalog/product/391083496d15eb6b851c9b2b3f8a4645aa21f637.jpg",58X14,58X14,109634458147,,26.7,lb,61,16,2.5,in,2440,in^3,0,73,0,0,73,1,0,1,75,73,"Not Regulated",,,,Enabled,Available,Visible,"2023-11-28 14:33:43","2025-04-10 15:11:24",,391083496d15eb6b851c9b2b3f8a4645aa21f637.jpg,No,,"Keelan Scott",No,,,,,,,0,,,,China,,,No,,,,,1,,No,,None,,No,Yes,,,,,,Box1,"Accessories & Merch",,
90486,"https://images-us-east.shipstream.io/cdn-cgi/image/fit=pad,width=250/xdebmt82bbc9/catalog/product/71ecb46db74d103ebcd3eaa81fc4a2c602ba2a64.jpg","Desk HP",D-HP,108634428129,,24,lb,29,23,4.25,in,2834.75,in^3,0,108,0,0,28,0,0,0,28,28,"Not Regulated",,"FIFO (Accepted Date)",,Enabled,Available,Visible,"2022-05-16 02:01:44","2025-04-07 11:07:27",,71ecb46db74d103ebcd3eaa81fc4a2c602ba2a64.jpg,No,4.25,"Keelan Scott",No,,,29,23,,,0,,,,China,,,No,,,,,0,,No,,None,,No,Yes,,,,,,Box1,"Accessories & Merch",,
134638,"https://images-us-east.shipstream.io/cdn-cgi/image/fit=pad,width=250/xdebmt82bbc9/catalog/product/066cbb757adb26e2b719fab9c60ca52122359ef3.jpeg","End Table",END-TABLE,108104318127,,15.695,lb,26.75,14.8,5.1,in,2019.09,in^3,0,122,0,0,308,0,0,1,309,308,"Not Regulated",,,,Enabled,Available,Visible,"2023-11-28 14:37:13","2025-04-07 11:06:00",,066cbb757adb26e2b719fab9c60ca52122359ef3.jpeg,No,,"Keelan Scott",No,,,,,,,0,,,,China,,,No,,,,,1,,No,,"Use Default (Kraft Paper)",,No,Yes,,,,,,Box1,"Accessories & Merch",,
99126,"https://images-us-east.shipstream.io/cdn-cgi/image/fit=pad,width=250/xdebmt82bbc9/catalog/product/9949300896609d73a70beaf589c89853ca33f384.jpg","Add-on Drawer",DRAWER,108634424138,,8.74,lb,26.8,15.4,5.4,in,2228.688,in^3,0,273,1,0,409,1,2,1,414,409,"Not Regulated",,"FIFO (Accepted Date)",,Enabled,Available,Visible,"2022-10-27 19:08:07","2025-04-02 11:40:46","Place holder ",9949300896609d73a70beaf589c89853ca33f384.jpg,No,,"Keelan Scott",No,,9401.99,,,,,0,,1,,China,,,No,,,,,0,,No,,None,,No,Yes,,,,,,Box1,"Accessories & Merch",USD,
99096,,"Desk SSB 46X24 Drawer",D-SSB-46X24-DRAWER,R0207202525308,,1,lb,,,,,,,0,0,0,0,0,0,0,0,0,409,"Not Regulated",,"FIFO (Accepted Date)",,Enabled,Available,Visible,"2022-10-27 18:14:52","2025-02-07 10:35:14",,no_selection,Yes,,"Keelan Scott",Yes,,,,,,,,,,," ",,,No,,,,,0,,No,,"Use Default (Kraft Paper)",,No,Yes,,,,,,Box1,"Accessories & Merch",,
99072,,"Coffee U 46X24",CF-U-46X24,R0131202525223,,1,lb,43.5,43,3,in,5611.5,in^3,0,0,0,0,0,0,0,0,0,377,"Not Regulated",,"FIFO (Accepted Date)",,Enabled,Available,Visible,"2022-10-27 18:14:51","2025-01-31 12:58:17",,no_selection,No,,"Keelan Scott",No,,,,,,,0,,,," ",,,No,,,,,0,,No,,None,,No,Yes,,,,,,,,,
146977,,"Bench U 46X14",B-U-46X14,,,12.4,lb,17.5,12.75,6.5,in,1450.3125,in^3,0,0,0,0,0,0,0,0,0,0,"Not Regulated",,,,Enabled,Available,Visible,"2024-07-30 19:33:02","2024-12-20 11:02:54",,no_selection,Yes,,"Keelan Scott",Yes,,,,,,,0,,,," ",,,No,,,,,0,,No,,"Use Default (Kraft Paper)",,No,Yes,,,,,,Box1,"Accessories & Merch",,
143274,,"Bench DN 46X14",B-DN-46X14,,,0,lb,,,,,,,0,0,0,0,0,0,0,0,0,0,"Not Regulated",,,,Enabled,Available,Visible,"2024-05-17 22:57:50","2024-12-17 13:45:03",,no_selection,Yes,,"Keelan Scott",Yes,,,,,,,0,,,," ",,,No,,,,,0,,No,,"Use Default (Kraft Paper)",,Yes,Yes,,,,,,Box1,"Accessories & Merch",,
139484,,"Dining U 72X36 Bench",DN-U-72X36-B-DN-58X14,,,1,lb,,,,,,,0,0,0,0,0,0,0,0,0,19,"Not Regulated",,,,Enabled,Available,Visible,"2024-02-16 00:58:02","2024-11-11 16:10:41",,no_selection,Yes,,"Keelan Scott",Yes,,,,,,,0,,,," ",,,No,,,,,0,,No,,"Use Default (Kraft Paper)",,No,Yes,,,,,,Box1,,,
143275,,"Dining U 72X36 2Bench",DN-U-72X36-2B-DN-58X14,,,1,lb,,,,,,,0,0,0,0,0,0,0,0,0,11,"Not Regulated",,,,Enabled,Available,Visible,"2024-05-17 23:00:03","2024-11-11 16:10:17",,no_selection,Yes,,"Keelan Scott",Yes,,,,,,,0,,,," ",,,No,,,,,0,,No,,"Use Default (Kraft Paper)",,No,Yes,,,,,,Box1,"Accessories & Merch",,
142796,,"Dining U 60X36 Bench",DN-U-60X36-B-DN-46X14,,,1,lb,,,,,,,0,0,0,0,0,0,0,0,0,28,"Not Regulated",,,,Enabled,Available,Visible,"2024-05-02 18:49:06","2024-11-11 16:08:53",,no_selection,Yes,,"Keelan Scott",Yes,,,,,,,0,,,," ",,,No,,,,,0,,No,,"Use Default (Kraft Paper)",,No,Yes,,,,,,Box1,"Accessories & Merch",,
146978,,"Bench U 58X14",B-U-58X14,,,0,lb,,,,,,,0,0,0,0,0,0,0,0,0,0,"Not Regulated",,,,Enabled,Available,Visible,"2024-07-30 19:33:17","2024-11-11 16:07:29",,no_selection,Yes,,"Keelan Scott",Yes,,,,,,,0,,,," ",,,No,,,,,0,,No,,"Use Default (Kraft Paper)",,No,Yes,,,,,,Box1,"Accessories & Merch",,
152144,,"Desk U 36X22 Keyboard Tray",D-U-36X22-KEYBOARD-TRAY,,,1,lb,,,,,,,0,0,0,0,0,0,0,0,0,206,"Not Regulated",,"FIFO (Accepted Date)",,Enabled,Available,Visible,"2024-09-13 15:36:47","2024-09-13 15:37:00",,no_selection,Yes,,"Keelan Scott",Yes,,,,,,,,,,," ",,,No,,,,,0,,No,,"Use Default (Kraft Paper)",,No,Yes,,,,,,Box1,"Accessories & Merch",,
152143,,"Desk U 36X22 Drawer",D-U-36X22-DRAWER,,,1,lb,,,,,,,0,0,0,0,0,0,0,0,0,354,"Not Regulated",,"FIFO (Accepted Date)",,Enabled,Available,Visible,"2024-09-13 15:36:14","2024-09-13 15:36:32",,no_selection,Yes,,"Keelan Scott",Yes,,,,,,,,,,," ",,,No,,,,,0,,No,,"Use Default (Kraft Paper)",,No,Yes,,,,,,Box1,"Accessories & Merch",,
152142,,"Desk U 36X22",D-U-36X22,,,1,lb,,,,,,,0,0,0,0,0,0,0,0,0,354,"Not Regulated",,"FIFO (Accepted Date)",,Enabled,Available,Visible,"2024-09-13 15:34:44","2024-09-13 15:35:10",,no_selection,Yes,,"Keelan Scott",Yes,,,,,,,,,,," ",,,No,,,,,0,,No,,"Use Default (Kraft Paper)",,No,Yes,,,,,,,,,
152141,,"Desk HP 36X22 Keyboard Tray",D-HP-36X22-KEYBOARD-TRAY,,,1,lb,,,,,,,0,0,0,0,0,0,0,0,0,28,"Not Regulated",,"FIFO (Accepted Date)",,Enabled,Available,Visible,"2024-09-13 15:32:56","2024-09-13 15:33:09",,no_selection,Yes,,"Keelan Scott",Yes,,,,,,,,,,," ",,,No,,,,,0,,No,,"Use Default (Kraft Paper)",,No,Yes,,,,,,Box1,"Accessories & Merch",,
152140,,"Desk HP 36X22 Drawer",D-HP-36X22-DRAWER,,,1,lb,,,,,,,0,0,0,0,0,0,0,0,0,28,"Not Regulated",,"FIFO (Accepted Date)",,Enabled,Available,Visible,"2024-09-13 15:30:49","2024-09-13 15:31:08",,no_selection,Yes,,"Keelan Scott",Yes,,,,,,,,,,," ",,,No,,,,,0,,No,,"Use Default (Kraft Paper)",,No,Yes,,,,,,Box1,"Accessories & Merch",,
152139,,"Desk HP 36X22",D-HP-36X22,,,1,lb,,,,,,,0,0,0,0,0,0,0,0,0,28,"Not Regulated",,"FIFO (Accepted Date)",,Enabled,Available,Visible,"2024-09-13 15:29:49","2024-09-13 15:30:00",,no_selection,Yes,,"Keelan Scott",Yes,,,,,,,,,,," ",,,No,,,,,0,,No,,"Use Default (Kraft Paper)",,No,Yes,,,,,,,,,
152138,,"Coffee U 36X22 Drawer",CF-U-36X22-DRAWER,,,1,lb,,,,,,,0,0,0,0,0,0,0,0,0,0,"Not Regulated",,"FIFO (Accepted Date)",,Enabled,Available,Visible,"2024-09-13 15:28:44","2024-09-13 15:29:07",,no_selection,No,,"Keelan Scott",No,,,,,,,0,,,," ",,,No,,,,,0,,No,,None,,No,Yes,,,,,,Box1,"Accessories & Merch",,
143301,,"Coffee U 36X22 C Table",CF-U-36X22-C-TABLE,,,1,lb,,,,,,,0,0,0,0,0,0,0,0,0,0,"Not Regulated",,"FIFO (Accepted Date)",,Enabled,Available,Visible,"2024-05-20 18:23:21","2024-09-13 15:20:16",,no_selection,Yes,,"Keelan Scott",Yes,,,,,,,,,,," ",,,No,,,,,0,,No,,"Use Default (Kraft Paper)",,No,Yes,,,,,,Box1,"Accessories & Merch",,
143303,,"Coffee U 36X22 2C Table",CF-U-36X22-2C-TABLE,,,1,lb,,,,,,,0,0,0,0,0,0,0,0,0,0,"Not Regulated",,"FIFO (Accepted Date)",,Enabled,Available,Visible,"2024-05-20 18:25:17","2024-09-13 15:13:50",,no_selection,Yes,,"Keelan Scott",Yes,,,,,,,,,,," ",,,No,,,,,0,,No,,"Use Default (Kraft Paper)",,No,Yes,,,,,,Box1,"Accessories & Merch",,
152135,,"Coffee U 36X22",CF-U-36X22,,,1,lb,,,,,,,0,0,0,0,0,0,0,0,0,0,"Not Regulated",,"FIFO (Accepted Date)",,Enabled,Available,Visible,"2024-09-13 15:12:46","2024-09-13 15:13:16",,no_selection,Yes,,"Keelan Scott",Yes,,,,,,,,,,," ",,,No,,,,,0,,No,,"Use Default (Kraft Paper)",,No,Yes,,,,,,,,,
99110,,"Desk SSW 58X28",D-SSW-58X28,R0819202423105,,1,lb,,,,,,,0,0,0,0,0,0,0,0,0,150,"Not Regulated",,"FIFO (Accepted Date)",,Enabled,Available,Visible,"2022-10-27 18:14:52","2024-08-19 07:32:36",,no_selection,Yes,,"Keelan Scott",Yes,,,,,,,,,,," ",,,No,,,,,0,,No,,"Use Default (Kraft Paper)",,No,Yes,,,,,,Box1,"Accessories & Merch",,
82038,"https://images-us-east.shipstream.io/cdn-cgi/image/fit=pad,width=250/xdebmt82bbc9/catalog/product/5b27eecfc19b110860dc40e6b0762c000cfd86c7.jpg","Block Out Sticker",BOSTICKER,R0628202318016,,3.05,lb,6.25,6.25,4.25,in,166.0156,in^3,0,0,0,0,4,0,0,0,4,4,"Not Regulated",,"FIFO (Accepted Date)",,Enabled,Available,Visible,"2021-12-21 23:33:13","2024-06-24 21:55:44",,5b27eecfc19b110860dc40e6b0762c000cfd86c7.jpg,No,4.25,"Keelan Scott",Yes,,,6.25,6.25,,,0,,,,"United States",,,No,,,1,,0,,No,,"Use Default (Kraft Paper)",,No,Yes,,,,,,Box1,"Accessories & Merch",,
144017,,"Console U 46X14",CN-U-46X14,R0618202422331,,0,lb,,,,,,,0,0,0,0,0,0,0,0,0,0,"Not Regulated",,,,Enabled,Available,Visible,"2024-06-05 15:54:10","2024-06-18 10:39:20",,no_selection,Yes,,"Keelan Scott",Yes,,,,,,,0,,,," ",,,No,,,,,0,,No,,"Use Default (Kraft Paper)",,Yes,Yes,,,,,,Box1,"Accessories & Merch",,
99103,,"Desk U 46X24 Keyboard Tray",D-U-46X24-KEYBOARD-TRAY,,,1,lb,,,,,,,0,0,0,0,0,0,0,0,0,206,"Not Regulated",,"FIFO (Accepted Date)",,Enabled,Available,Visible,"2022-10-27 18:14:52","2024-05-29 19:21:23",,no_selection,Yes,,"Keelan Scott",Yes,,,,,,,,,,," ",,,No,,,,,0,,No,,"Use Default (Kraft Paper)",,No,Yes,,,,,,Box1,"Accessories & Merch",,
99115,,"Desk U 58X28 Keyboard Tray",D-U-58X28-KEYBOARD-TRAY,,,1,lb,,,,,,,0,0,0,0,0,0,0,0,0,206,"Not Regulated",,"FIFO (Accepted Date)",,Enabled,Available,Visible,"2022-10-27 18:14:52","2024-05-29 19:21:15",,no_selection,Yes,,"Keelan Scott",Yes,,,,,,,,,,," ",,,No,,,,,0,,No,,"Use Default (Kraft Paper)",,No,Yes,,,,,,Box1,"Accessories & Merch",,
99112,,"Desk SSW 58X28 Keyboard Tray",D-SSW-58X28-KEYBOARD-TRAY,,,1,lb,,,,,,,0,0,0,0,0,0,0,0,0,150,"Not Regulated",,"FIFO (Accepted Date)",,Enabled,Available,Visible,"2022-10-27 18:14:52","2024-05-29 19:20:54",,no_selection,Yes,,"Keelan Scott",Yes,,,,,,,,,,," ",,,No,,,,,0,,No,,"Use Default (Kraft Paper)",,No,Yes,,,,,,Box1,"Accessories & Merch",,
99100,,"Desk SSW 46X24 Keyboard Tray",D-SSW-46X24-KEYBOARD-TRAY,,,1,lb,,,,,,,0,0,0,0,0,0,0,0,0,150,"Not Regulated",,"FIFO (Accepted Date)",,Enabled,Available,Visible,"2022-10-27 18:14:52","2024-05-29 19:20:43",,no_selection,Yes,,"Keelan Scott",Yes,,,,,,,,,,," ",,,No,,,,,0,,No,,"Use Default (Kraft Paper)",,No,Yes,,,,,,Box1,"Accessories & Merch",,
99109,,"Desk SSB 58X28 Keyboard Tray",D-SSB-58X28-KEYBOARD-TRAY,,,1,lb,,,,,,,0,0,0,0,0,0,0,0,0,206,"Not Regulated",,"FIFO (Accepted Date)",,Enabled,Available,Visible,"2022-10-27 18:14:52","2024-05-29 19:20:32",,no_selection,No,,"Keelan Scott",No,,,,,,,,,,," ",,,No,,,,,0,,No,,None,,No,Yes,,,,,,Box1,"Accessories & Merch",,
99097,,"Desk SSB 46X24 Keyboard Tray",D-SSB-46X24-KEYBOARD-TRAY,,,1,lb,,,,,,,0,0,0,0,0,0,0,0,0,206,"Not Regulated",,"FIFO (Accepted Date)",,Enabled,Available,Visible,"2022-10-27 18:14:52","2024-05-29 19:20:23",,no_selection,Yes,,"Keelan Scott",Yes,,,,,,,,,,," ",,,No,,,,,0,,No,,"Use Default (Kraft Paper)",,No,Yes,,,,,,Box1,"Accessories & Merch",,
99106,,"Desk HP 58X28 Keyboard Tray",D-HP-58X28-KEYBOARD-TRAY,,,1,lb,,,,,,,0,0,0,0,0,0,0,0,0,28,"Not Regulated",,"FIFO (Accepted Date)",,Enabled,Available,Visible,"2022-10-27 18:14:52","2024-05-29 19:20:09",,no_selection,Yes,,"Keelan Scott",Yes,,,,,,,,,,," ",,,No,,,,,0,,No,,"Use Default (Kraft Paper)",,No,Yes,,,,,,Box1,"Accessories & Merch",,
99094,,"Desk HP 46X24 Keyboard Tray",D-HP-46X24-KEYBOARD-TRAY,,,1,lb,,,,,,,0,0,0,0,0,0,0,0,0,28,"Not Regulated",,"FIFO (Accepted Date)",,Enabled,Available,Visible,"2022-10-27 18:14:52","2024-05-29 19:19:55",,no_selection,Yes,,"Keelan Scott",Yes,,,,,,,,,,," ",,,No,,,,,0,,No,,"Use Default (Kraft Paper)",,No,Yes,,,,,,Box1,"Accessories & Merch",,
99114,,"Desk U 58X28 Drawer",D-U-58X28-DRAWER,R0131202420855,,1,lb,,,,,,,0,0,0,0,0,0,0,0,0,365,"Not Regulated",,"FIFO (Accepted Date)",,Enabled,Available,Visible,"2022-10-27 18:14:52","2024-05-29 19:19:01",,no_selection,No,,"Keelan Scott",No,,,,,,,0,,,," ",,,No,,,,,0,,No,,"Use Default (Kraft Paper)",,No,Yes,,,,,,Box1,"Accessories & Merch",,
99102,,"Desk U 46X24 Drawer",D-U-46X24-DRAWER,,,1,lb,,,,,,,0,0,0,0,0,0,0,0,0,365,"Not Regulated",,"FIFO (Accepted Date)",,Enabled,Available,Visible,"2022-10-27 18:14:52","2024-05-29 19:18:53",,no_selection,Yes,,"Keelan Scott",Yes,,,,,,,,,,," ",,,No,,,,,0,,No,,"Use Default (Kraft Paper)",,No,Yes,,,,,,Box1,"Accessories & Merch",,
99111,,"Desk SSW 58X28 Drawer",D-SSW-58X28-DRAWER,,,1,lb,,,,,,,0,0,0,0,0,0,0,0,0,150,"Not Regulated",,"FIFO (Accepted Date)",,Enabled,Available,Visible,"2022-10-27 18:14:52","2024-05-29 19:18:28",,no_selection,Yes,,"Keelan Scott",Yes,,,,,,,,,,," ",,,No,,,,,0,,No,,"Use Default (Kraft Paper)",,No,Yes,,,,,,Box1,"Accessories & Merch",,
99105,,"Desk HP 58X28 Drawer",D-HP-58X28-DRAWER,,,1,lb,,,,,,,0,0,0,0,0,0,0,0,0,28,"Not Regulated",,"FIFO (Accepted Date)",,Enabled,Available,Visible,"2022-10-27 18:14:52","2024-05-29 19:17:38",,no_selection,Yes,,"Keelan Scott",Yes,,,,,,,,,,," ",,,No,,,,,0,,No,,"Use Default (Kraft Paper)",,No,Yes,,,,,,Box1,"Accessories & Merch",,
99093,,"Desk HP 46X24 Drawer",D-HP-46X24-DRAWER,,,1,lb,,,,,,,0,0,0,0,0,0,0,0,0,28,"Not Regulated",,"FIFO (Accepted Date)",,Enabled,Available,Visible,"2022-10-27 18:14:52","2024-05-29 19:17:25",,no_selection,Yes,,"Keelan Scott",Yes,,,,,,,,,,," ",,,No,,,,,0,,No,,"Use Default (Kraft Paper)",,No,Yes,,,,,,Box1,"Accessories & Merch",,
99085,,"Console U 58X14 Drawer",CN-U-58X14-DRAWER,,,1,lb,,,,,,,0,0,0,0,0,0,0,0,0,70,"Not Regulated",,"FIFO (Accepted Date)",,Enabled,Available,Visible,"2022-10-27 18:14:52","2024-05-29 19:16:55",,no_selection,Yes,,"Keelan Scott",Yes,,,,,,,,,,," ",,,No,,,,,0,,No,,"Use Default (Kraft Paper)",,No,Yes,,,,,,Box1,"Accessories & Merch",,
99081,,"Coffee U 58X28 Drawer",CF-U-58X28-DRAWER,,,9.4,lb,26.5,15,4.5,in,1788.75,in^3,0,0,0,0,0,0,0,0,0,377,"Not Regulated",,"FIFO (Accepted Date)",,Enabled,Available,Visible,"2022-10-27 18:14:51","2024-05-29 19:16:29",,no_selection,No,,"Keelan Scott",No,,,,,,,0,,,," ",,,No,,,,,0,,No,,"Use Default (Kraft Paper)",,No,Yes,,,,,,Box1,"Accessories & Merch",,
99075,,"Coffee U 46X24 Drawer",CF-U-46X24-DRAWER,,,1,lb,,,,,,,0,0,0,0,0,0,0,0,0,377,"Not Regulated",,"FIFO (Accepted Date)",,Enabled,Available,Visible,"2022-10-27 18:14:51","2024-05-29 19:16:16",,no_selection,No,,"Keelan Scott",No,,,,,,,,,,," ",,,No,,,,,0,,No,,None,,No,Yes,,,,,,Box1,"Accessories & Merch",,
143307,,"Coffee U 58X28 2C Table",CF-U-58X28-2C-TABLE,,,1,lb,,,,,,,0,0,0,0,0,0,0,0,0,0,"Not Regulated",,"FIFO (Accepted Date)",,Enabled,Available,Visible,"2024-05-20 18:26:49","2024-05-20 18:27:03",,no_selection,Yes,,"Keelan Scott",Yes,,,,,,,,,,," ",,,No,,,,,0,,No,,"Use Default (Kraft Paper)",,No,Yes,,,,,,Box1,"Accessories & Merch",,
143306,,"Coffee U 58X28 C Table",CF-U-58X28-C-TABLE,,,1,lb,,,,,,,0,0,0,0,0,0,0,0,0,0,"Not Regulated",,"FIFO (Accepted Date)",,Enabled,Available,Visible,"2024-05-20 18:26:30","2024-05-20 18:26:43",,no_selection,Yes,,"Keelan Scott",Yes,,,,,,,,,,," ",,,No,,,,,0,,No,,"Use Default (Kraft Paper)",,No,Yes,,,,,,Box1,"Accessories & Merch",,
143305,,"Coffee U 46X24 2C Table",CF-U-46X24-2C-TABLE,,,1,lb,,,,,,,0,0,0,0,0,0,0,0,0,0,"Not Regulated",,"FIFO (Accepted Date)",,Enabled,Available,Visible,"2024-05-20 18:26:10","2024-05-20 18:26:29",,no_selection,Yes,,"Keelan Scott",Yes,,,,,,,,,,," ",,,No,,,,,0,,No,,"Use Default (Kraft Paper)",,No,Yes,,,,,,Box1,"Accessories & Merch",,
143304,,"Coffee U 46X24 C Table",CF-U-46X24-C-TABLE,,,1,lb,,,,,,,0,0,0,0,0,0,0,0,0,0,"Not Regulated",,"FIFO (Accepted Date)",,Enabled,Available,Visible,"2024-05-20 18:25:48","2024-05-20 18:26:06",,no_selection,Yes,,"Keelan Scott",Yes,,,,,,,,,,," ",,,No,,,,,0,,No,,"Use Default (Kraft Paper)",,No,Yes,,,,,,Box1,"Accessories & Merch",,
134646,,"Dining U 60X36",DN-U-60X36,R0509202421892,,1,lb,,,,,,,0,0,0,0,0,0,0,0,0,86,"Not Regulated",,,,Enabled,Available,Visible,"2023-11-28 14:59:43","2024-05-09 15:04:39",,no_selection,No,,"Keelan Scott",No,,,,,,,0,,,," ",,,No,,,,,0,,No,,"Use Default (Kraft Paper)",,No,Yes,,,,,,Box1,"Accessories & Merch",,
134647,,"Dining U 72X36",DN-U-72X36,,,1,lb,,,,,,,0,0,0,0,0,0,0,0,0,102,"Not Regulated",,,,Enabled,Available,Visible,"2023-11-28 15:00:37","2024-02-09 12:23:03",,no_selection,Yes,,"Keelan Scott",Yes,,,,,,,0,,,," ",,,No,,,,,0,,No,,"Use Default (Kraft Paper)",,No,Yes,,,,,,Box1,,,
134645,,"Dining U 48X36",DN-U-48X36,,,1,lb,,,,,,,0,0,0,0,0,0,0,0,0,70,"Not Regulated",,,,Enabled,Available,Visible,"2023-11-28 14:58:57","2024-02-09 12:20:29",,no_selection,Yes,,"Keelan Scott",Yes,,,,,,,0,,,," ",,,No,,,,,0,,No,,"Use Default (Kraft Paper)",,No,Yes,,,,,,Box1,,,
99107,,"Desk SSB 58X28",D-SSB-58X28,R1215202320240,,1,lb,,,,,,,0,0,0,0,0,0,0,0,0,456,"Not Regulated",,"FIFO (Accepted Date)",,Enabled,Available,Visible,"2022-10-27 18:14:52","2023-12-15 10:59:25",,no_selection,Yes,,"Keelan Scott",Yes,,,,,,,,,,," ",,,No,,,,,0,,No,,"Use Default (Kraft Paper)",,No,Yes,,,,,,Box1,,,
99113,,"Desk U 58X28",D-U-58X28,R0510202317467,,1,lb,,,,,,,0,0,0,0,0,0,0,0,0,365,"Not Regulated",,"FIFO (Accepted Date)",,Enabled,Available,Visible,"2022-10-27 18:14:52","2023-07-07 09:14:58",,no_selection,Yes,,"Keelan Scott",Yes,,,,,,,0,,,," ",,,No,,,,,0,,No,,"Use Default (Kraft Paper)",,No,Yes,,,,,,,,,
99098,,"Desk SSW 46X24",D-SSW-46X24,R0619202317910,,1,lb,,,,,,,0,0,0,0,0,0,0,0,0,0,"Not Regulated",,"FIFO (Accepted Date)",,Enabled,Available,Visible,"2022-10-27 18:14:52","2023-06-19 16:46:33",,no_selection,Yes,,"Keelan Scott",Yes,,,,,,,,,,," ",,,No,,,,,0,,No,,"Use Default (Kraft Paper)",,,Yes,,,,,,,,,
99084,,"Console U 58X14",CN-U-58X14,,,1,lb,,,,,,,0,0,0,0,0,0,0,0,0,70,"Not Regulated",,"FIFO (Accepted Date)",,Enabled,Available,Visible,"2022-10-27 18:14:52","2023-06-16 16:44:39",,no_selection,Yes,,"Keelan Scott",Yes,,,,,,,0,,,," ",,,No,,,,,0,,No,,"Use Default (Kraft Paper)",,No,Yes,,,,,,,,,
99092,,"Desk HP 46X24",D-HP-46X24,R0117202315789,,1,lb,,,,,,,0,0,0,0,0,0,0,0,0,28,"Not Regulated",,"FIFO (Accepted Date)",,Enabled,Available,Visible,"2022-10-27 18:14:52","2023-01-17 13:47:56",,no_selection,Yes,,"Keelan Scott",Yes,,,,,,,,,,," ",,,No,,,,,0,,No,,"Use Default (Kraft Paper)",,No,Yes,,,,,,,,,
99069,,"Coffee SP 42X42",CF-SP-42X42,,,1,lb,43.5,43,3,in,5611.5,in^3,0,0,0,0,0,0,0,0,0,0,"Not Regulated",,"FIFO (Accepted Date)",,Enabled,Available,Visible,"2022-10-27 18:14:51","2022-12-19 19:01:39",,no_selection,No,,"Keelan Scott",No,,,,,,,,,,," ",,,No,,,,,0,,No,,"Use Default (Kraft Paper)",,No,Yes,,,,,,,,,
99104,,"Desk HP 58X28",D-HP-58X28,,,1,lb,,,,,,,0,0,0,0,0,0,0,0,0,28,"Not Regulated",,"FIFO (Accepted Date)",,Enabled,Available,Visible,"2022-10-27 18:14:52","2022-11-04 23:20:57",,no_selection,Yes,,"Keelan Scott",Yes,,,,,,,,,,," ",,,No,,,,,0,,No,,"Use Default (Kraft Paper)",,No,Yes,,,,,,,,,
99101,,"Desk U 46X24",D-U-46X24,,,1,lb,,,,,,,0,0,0,0,0,0,0,0,0,365,"Not Regulated",,"FIFO (Accepted Date)",,Enabled,Available,Visible,"2022-10-27 18:14:52","2022-11-04 23:20:05",,no_selection,Yes,,"Keelan Scott",Yes,,,,,,,,,,," ",,,No,,,,,0,,No,,"Use Default (Kraft Paper)",,No,Yes,,,,,,,,,
